protocol,image_count,threshold,baseline_accuracy,baseline_precision,baseline_recall,baseline_f1_score,accepted_image_count,uncertain_image_count,coverage,uncertain_rate,mean_distance,median_distance,accepted_accuracy,accepted_precision,accepted_recall,accepted_f1_score,uncertain_error_rate
standard,10725,2.453242,0.8942657342657343,0.9221110874654181,0.8494412860223486,0.8842857142857142,537,10188,0.05006993006993007,0.9499300699300699,5.500676155090332,4.927595138549805,0.9776536312849162,0.9444444444444444,0.7727272727272727,0.85,0.11012956419316844
standard,10725,2.561057,0.8942657342657343,0.9221110874654181,0.8494412860223486,0.8842857142857142,644,10081,0.06004662004662005,0.9399533799533799,5.500676155090332,4.927595138549805,0.9704968944099379,0.9074074074074074,0.7777777777777778,0.8376068376068376,0.11060410673544291
standard,10725,2.642575,0.8942657342657343,0.9221110874654181,0.8494412860223486,0.8842857142857142,751,9974,0.07002331002331003,0.92997668997669,5.500676155090332,4.927595138549805,0.9707057256990679,0.9230769230769231,0.7792207792207793,0.8450704225352113,0.11148987367154602
standard,10725,2.73806,0.8942657342657343,0.9221110874654181,0.8494412860223486,0.8842857142857142,858,9867,0.08,0.92,5.500676155090332,4.927595138549805,0.9685314685314685,0.9397590361445783,0.78,0.8524590163934426,0.11219215567041654
standard,10725,2.830349,0.8942657342657343,0.9221110874654181,0.8494412860223486,0.8842857142857142,966,9759,0.09006993006993007,0.90993006993007,5.500676155090332,4.927595138549805,0.9658385093167702,0.9423076923076923,0.784,0.8558951965065502,0.11281893636643099
standard,10725,2.907174,0.8942657342657343,0.9221110874654181,0.8494412860223486,0.8842857142857142,1073,9652,0.10004662004662004,0.89995337995338,5.500676155090332,4.927595138549805,0.9627213420316869,0.9416666666666667,0.773972602739726,0.849624060150376,0.11334438458350601
standard,10725,2.985521,0.8942657342657343,0.9221110874654181,0.8494412860223486,0.8842857142857142,1180,9545,0.11002331002331002,0.88997668997669,5.500676155090332,4.927595138549805,0.961864406779661,0.9523809523809523,0.7865168539325843,0.8615384615384616,0.1140911471974856
standard,10725,3.045368,0.8942657342657343,0.9221110874654181,0.8494412860223486,0.8842857142857142,1287,9438,0.12,0.88,5.500676155090332,4.927595138549805,0.9588189588189588,0.943502824858757,0.7952380952380952,0.8630490956072352,0.11453697817334181
standard,10725,3.115749,0.8942657342657343,0.9221110874654181,0.8494412860223486,0.8842857142857142,1395,9330,0.13006993006993006,0.8699300699300699,5.500676155090332,4.927595138549805,0.9548387096774194,0.9444444444444444,0.8,0.8662420382165605,0.11479099678456592
standard,10725,3.181205,0.8942657342657343,0.9221110874654181,0.8494412860223486,0.8842857142857142,1502,9223,0.14004662004662005,0.85995337995338,5.500676155090332,4.927595138549805,0.9527296937416777,0.9475806451612904,0.8020477815699659,0.8687615526802218,0.11525533991109184
standard,10725,3.255327,0.8942657342657343,0.9221110874654181,0.8494412860223486,0.8842857142857142,1609,9116,0.15002331002331,0.84997668997669,5.500676155090332,4.927595138549805,0.9521441889372281,0.95,0.8085106382978723,0.8735632183908046,0.11594997806055288
standard,10725,3.310992,0.8942657342657343,0.9221110874654181,0.8494412860223486,0.8842857142857142,1716,9009,0.16,0.84,5.500676155090332,4.927595138549805,0.9527972027972028,0.9493670886075949,0.821917808219178,0.8810572687224669,0.11688311688311688
standard,10725,3.378003,0.8942657342657343,0.9221110874654181,0.8494412860223486,0.8842857142857142,1824,8901,0.17006993006993007,0.8299300699300699,5.500676155090332,4.927595138549805,0.9517543859649122,0.945054945054945,0.8349514563106796,0.8865979381443299,0.11751488596786878
standard,10725,3.436845,0.8942657342657343,0.9221110874654181,0.8494412860223486,0.8842857142857142,1931,8794,0.18004662004662006,0.8199533799533799,5.500676155090332,4.927595138549805,0.9502848265147592,0.9411764705882353,0.8421052631578947,0.8888888888888888,0.11803502387991813
standard,10725,3.489326,0.8942657342657343,0.9221110874654181,0.8494412860223486,0.8842857142857142,2038,8687,0.19002331002331002,0.8099766899766899,5.500676155090332,4.927595138549805,0.950441609421001,0.9384615384615385,0.854,0.8942408376963351,0.1189133187521584
standard,10725,3.5478,0.8942657342657343,0.9221110874654181,0.8494412860223486,0.8842857142857142,2145,8580,0.2,0.8,5.500676155090332,4.927595138549805,0.9491841491841492,0.937246963562753,0.8558225508317929,0.8946859903381642,0.11946386946386946
standard,10725,3.610013,0.8942657342657343,0.9221110874654181,0.8494412860223486,0.8842857142857142,2253,8472,0.21006993006993008,0.78993006993007,5.500676155090332,4.927595138549805,0.9471815357301376,0.9353049907578558,0.8576271186440678,0.8947833775419982,0.11980642115203022
standard,10725,3.679165,0.8942657342657343,0.9221110874654181,0.8494412860223486,0.8842857142857142,2360,8365,0.22004662004662004,0.77995337995338,5.500676155090332,4.927595138549805,0.9461864406779661,0.9328743545611016,0.8603174603174604,0.8951279933938894,0.12038254632396891
standard,10725,3.731513,0.8942657342657343,0.9221110874654181,0.8494412860223486,0.8842857142857142,2467,8258,0.23002331002331003,0.76997668997669,5.500676155090332,4.927595138549805,0.9456830158086745,0.9347133757961783,0.8632352941176471,0.8975535168195719,0.1210946960523129
standard,10725,3.7894,0.8942657342657343,0.9221110874654181,0.8494412860223486,0.8842857142857142,2574,8151,0.24,0.76,5.500676155090332,4.927595138549805,0.9436674436674437,0.9312406576980568,0.8628808864265928,0.8957584471603163,0.12133480554533187
standard,10725,3.852336,0.8942657342657343,0.9221110874654181,0.8494412860223486,0.8842857142857142,2682,8043,0.25006993006993006,0.7499300699300699,5.500676155090332,4.927595138549805,0.9433258762117822,0.9334257975034674,0.8661518661518661,0.8985313751668892,0.12209374611463385
standard,10725,3.90361,0.8942657342657343,0.9221110874654181,0.8494412860223486,0.8842857142857142,2789,7936,0.26004662004662005,0.73995337995338,5.500676155090332,4.927595138549805,0.9411975618501255,0.9303225806451613,0.8676293622141997,0.8978829389788294,0.12222782258064516
standard,10725,3.948429,0.8942657342657343,0.9221110874654181,0.8494412860223486,0.8842857142857142,2896,7829,0.27002331002331004,0.72997668997669,5.500676155090332,4.927595138549805,0.93853591160221,0.9302884615384616,0.8657718120805369,0.8968713789107764,0.12211010346148933
standard,10725,3.98655,0.8942657342657343,0.9221110874654181,0.8494412860223486,0.8842857142857142,3003,7722,0.28,0.72,5.500676155090332,4.927595138549805,0.9373959373959374,0.9292929292929293,0.8688352570828961,0.8980477223427332,0.1225071225071225
standard,10725,4.028436,0.8942657342657343,0.9221110874654181,0.8494412860223486,0.8842857142857142,3110,7615,0.28997668997668996,0.71002331002331,5.500676155090332,4.927595138549805,0.9369774919614148,0.9298429319371728,0.8731563421828908,0.9006085192697769,0.1231779382797111
standard,10725,4.069266,0.8942657342657343,0.9221110874654181,0.8494412860223486,0.8842857142857142,3218,7507,0.30004662004662,0.6999533799533799,5.500676155090332,4.927595138549805,0.9372280919825979,0.929342492639843,0.8792943361188487,0.9036259541984732,0.12415079259357932
standard,10725,4.106868,0.8942657342657343,0.9221110874654181,0.8494412860223486,0.8842857142857142,3325,7400,0.31002331002331,0.6899766899766899,5.500676155090332,4.927595138549805,0.9365413533834587,0.9292279411764706,0.8829694323144105,0.9055082848186297,0.12472972972972973
standard,10725,4.150543,0.8942657342657343,0.9221110874654181,0.8494412860223486,0.8842857142857142,3432,7293,0.32,0.68,5.500676155090332,4.927595138549805,0.9344405594405595,0.9292576419213974,0.8807947019867549,0.9043773905652359,0.1246400658165364
standard,10725,4.200556,0.8942657342657343,0.9221110874654181,0.8494412860223486,0.8842857142857142,3539,7186,0.32997668997669,0.6700233100233101,5.500676155090332,4.927595138549805,0.9335970613167561,0.9283333333333333,0.8820269200316706,0.9045879009338206,0.12510436960757026
standard,10725,4.255488,0.8942657342657343,0.9221110874654181,0.8494412860223486,0.8842857142857142,3647,7078,0.34004662004662006,0.65995337995338,5.500676155090332,4.927595138549805,0.9330956950918563,0.928,0.882800608828006,0.9048361934477379,0.12574173495337665
standard,10725,4.29604,0.8942657342657343,0.9221110874654181,0.8494412860223486,0.8842857142857142,3754,6971,0.35002331002331,0.64997668997669,5.500676155090332,4.927595138549805,0.9315396909962707,0.9292851652574943,0.8799126637554585,0.9039252336448598,0.12580691435948932
standard,10725,4.336036,0.8942657342657343,0.9221110874654181,0.8494412860223486,0.8842857142857142,3861,6864,0.36,0.64,5.500676155090332,4.927595138549805,0.9316239316239316,0.9302152932442465,0.8805340829234013,0.9046931407942238,0.12674825174825174
standard,10725,4.384604,0.8942657342657343,0.9221110874654181,0.8494412860223486,0.8842857142857142,3968,6757,0.36997668997669,0.63002331002331,5.500676155090332,4.927595138549805,0.9304435483870968,0.9313795568263045,0.8786244099797708,0.9042331714087439,0.12697942874056534
standard,10725,4.427882,0.8942657342657343,0.9221110874654181,0.8494412860223486,0.8842857142857142,4076,6649,0.38004662004662004,0.61995337995338,5.500676155090332,4.927595138549805,0.9295878312070658,0.9320987654320988,0.8784744667097608,0.9044925124792014,0.12738757707926004
standard,10725,4.468021,0.8942657342657343,0.9221110874654181,0.8494412860223486,0.8842857142857142,4183,6542,0.39002331002331003,0.60997668997669,5.500676155090332,4.927595138549805,0.9270858235715993,0.9317880794701987,0.8744561839651958,0.9022122475152292,0.1267196575970651
standard,10725,4.511323,0.8942657342657343,0.9221110874654181,0.8494412860223486,0.8842857142857142,4290,6435,0.4,0.6,5.500676155090332,4.927595138549805,0.9256410256410257,0.9302623160588611,0.8737980769230769,0.9011465757669662,0.12665112665112666
standard,10725,4.556813,0.8942657342657343,0.9221110874654181,0.8494412860223486,0.8842857142857142,4397,6328,0.40997668997668996,0.59002331002331,5.500676155090332,4.927595138549805,0.9249488287468729,0.9311841289522629,0.872748402091807,0.9010197960407919,0.12705436156763592
standard,10725,4.598474,0.8942657342657343,0.9221110874654181,0.8494412860223486,0.8842857142857142,4505,6220,0.42004662004662,0.5799533799533799,5.500676155090332,4.927595138549805,0.9216426193118757,0.9293904646952323,0.8671171171171171,0.8971744829595106,0.12556270096463024
standard,10725,4.634442,0.8942657342657343,0.9221110874654181,0.8494412860223486,0.8842857142857142,4612,6113,0.43002331002331,0.5699766899766899,5.500676155090332,4.927595138549805,0.9212922810060711,0.9291199054932073,0.8661894273127754,0.896551724137931,0.1261246523801734
standard,10725,4.675404,0.8942657342657343,0.9221110874654181,0.8494412860223486,0.8842857142857142,4719,6006,0.44,0.56,5.500676155090332,4.927595138549805,0.9188387370205552,0.9269695227142035,0.8629550321199143,0.89381757693374,0.12504162504162505
standard,10725,4.716336,0.8942657342657343,0.9221110874654181,0.8494412860223486,0.8842857142857142,4826,5899,0.44997668997669,0.5500233100233101,5.500676155090332,4.927595138549805,0.9179444674678823,0.9251814628699051,0.863470557582074,0.8932614555256064,0.12510595016104425
standard,10725,4.754521,0.8942657342657343,0.9221110874654181,0.8494412860223486,0.8842857142857142,4934,5791,0.46004662004662006,0.53995337995338,5.500676155090332,4.927595138549805,0.9158897446291042,0.9237472766884531,0.8604769152714358,0.890990281061203,0.12415817648074598
standard,10725,4.805814,0.8942657342657343,0.9221110874654181,0.8494412860223486,0.8842857142857142,5041,5684,0.47002331002331005,0.52997668997669,5.500676155090332,4.927595138549805,0.9145010910533624,0.9217758985200846,0.8603848051307351,0.8900229650421025,0.12368050668543279
standard,10725,4.840532,0.8942657342657343,0.9221110874654181,0.8494412860223486,0.8842857142857142,5148,5577,0.48,0.52,5.500676155090332,4.927595138549805,0.9135586635586636,0.9204545454545454,0.8596237337192475,0.8889997505612373,0.12354312354312354
standard,10725,4.886413,0.8942657342657343,0.9221110874654181,0.8494412860223486,0.8842857142857142,5255,5470,0.48997668997668997,0.51002331002331,5.500676155090332,4.927595138549805,0.9103710751665081,0.9198992443324937,0.8540692235734331,0.8857627940819791,0.12120658135283363
standard,10725,4.927595,0.8942657342657343,0.9221110874654181,0.8494412860223486,0.8842857142857142,5362,5363,0.49995337995337996,0.50004662004662,5.500676155090332,4.927595138549805,0.9091756807161507,0.9202153695545766,0.852994555353902,0.885330821756534,0.12064143203430916
standard,10725,4.975274,0.8942657342657343,0.9221110874654181,0.8494412860223486,0.8842857142857142,5470,5255,0.51002331002331,0.48997668997668997,5.500676155090332,4.927595138549805,0.9089579524680073,0.9210275927687916,0.8536155202821869,0.8860411899313501,0.12102759276879163
standard,10725,5.017255,0.8942657342657343,0.9221110874654181,0.8494412860223486,0.8842857142857142,5577,5148,0.52,0.48,5.500676155090332,4.927595138549805,0.9089116012192935,0.9207007837713231,0.8559794256322332,0.8871612616614838,0.1216006216006216
standard,10725,5.064686,0.8942657342657343,0.9221110874654181,0.8494412860223486,0.8842857142857142,5684,5041,0.52997668997669,0.47002331002331005,5.500676155090332,4.927595138549805,0.9065798733286418,0.918724741805119,0.8539232053422371,0.8851395197923426,0.11961912318984329
standard,10725,5.108456,0.8942657342657343,0.9221110874654181,0.8494412860223486,0.8842857142857142,5791,4934,0.53995337995338,0.46004662004662006,5.500676155090332,4.927595138549805,0.9050250388533932,0.9179039301310044,0.8530844155844156,0.8843079511989903,0.11836238346169436
standard,10725,5.156581,0.8942657342657343,0.9221110874654181,0.8494412860223486,0.8842857142857142,5899,4826,0.5500233100233101,0.44997668997669,5.500676155090332,4.927595138549805,0.9033734531276487,0.9147582697201018,0.8539192399049881,0.8832923832923832,0.11686697057604642
standard,10725,5.207502,0.8942657342657343,0.9221110874654181,0.8494412860223486,0.8842857142857142,6006,4719,0.56,0.44,5.500676155090332,4.927595138549805,0.9020979020979021,0.9142268041237114,0.8536773199845976,0.8829151732377539,0.11570247933884298
standard,10725,5.257393,0.8942657342657343,0.9221110874654181,0.8494412860223486,0.8842857142857142,6113,4612,0.5699766899766899,0.43002331002331,5.500676155090332,4.927595138549805,0.9010305905447407,0.9140782573618395,0.8525206922498119,0.8822269807280514,0.11470078057241978
standard,10725,5.309759,0.8942657342657343,0.9221110874654181,0.8494412860223486,0.8842857142857142,6220,4505,0.5799533799533799,0.42004662004662,5.500676155090332,4.927595138549805,0.89983922829582,0.9139360442163442,0.8511029411764706,0.8814011041309727,0.11342952275249722
standard,10725,5.366798,0.8942657342657343,0.9221110874654181,0.8494412860223486,0.8842857142857142,6328,4397,0.59002331002331,0.40997668997668996,5.500676155090332,4.927595138549805,0.8975979772439949,0.9125914516750097,0.8491580078824794,0.8797327394209354,0.11052990675460542
standard,10725,5.424897,0.8942657342657343,0.9221110874654181,0.8494412860223486,0.8842857142857142,6435,4290,0.6,0.4,5.500676155090332,4.927595138549805,0.8968142968142968,0.9129943502824859,0.8484424221211061,0.8795355587808418,0.10955710955710955
standard,10725,5.477109,0.8942657342657343,0.9221110874654181,0.8494412860223486,0.8842857142857142,6542,4183,0.60997668997669,0.39002331002331003,5.500676155090332,4.927595138549805,0.8962091103638031,0.9135075450864925,0.848257006151743,0.8796739323055113,0.10877360745876165
standard,10725,5.527623,0.8942657342657343,0.9221110874654181,0.8494412860223486,0.8842857142857142,6649,4076,0.61995337995338,0.38004662004662004,5.500676155090332,4.927595138549805,0.8954730034591668,0.9137184115523466,0.8473384666889856,0.879277401424353,0.1077036310107949
standard,10725,5.584588,0.8942657342657343,0.9221110874654181,0.8494412860223486,0.8842857142857142,6757,3968,0.63002331002331,0.36997668997669,5.500676155090332,4.927595138549805,0.8937398253662868,0.9132290184921764,0.8441814595660749,0.8773488213187564,0.10483870967741936
standard,10725,5.653929,0.8942657342657343,0.9221110874654181,0.8494412860223486,0.8842857142857142,6864,3861,0.64,0.36,5.500676155090332,4.927595138549805,0.8927738927738927,0.9116002795248078,0.8437904269081501,0.8763856231105139,0.10308210308210308
standard,10725,5.707019,0.8942657342657343,0.9221110874654181,0.8494412860223486,0.8842857142857142,6971,3754,0.64997668997669,0.35002331002331,5.500676155090332,4.927595138549805,0.8924114187347583,0.9111876075731498,0.843262185409366,0.8759099933818663,0.10229088971763452
standard,10725,5.758411,0.8942657342657343,0.9221110874654181,0.8494412860223486,0.8842857142857142,7078,3647,0.65995337995338,0.34004662004662006,5.500676155090332,4.927595138549805,0.8914947725346143,0.910199932226364,0.8422703041705863,0.8749185667752443,0.10035645736221552
standard,10725,5.822518,0.8942657342657343,0.9221110874654181,0.8494412860223486,0.8842857142857142,7186,3539,0.6700233100233101,0.32997668997669,5.500676155090332,4.927595138549805,0.8906206512663513,0.9082415749082415,0.8419424682957006,0.8738362760834671,0.09833286239050579
standard,10725,5.884311,0.8942657342657343,0.9221110874654181,0.8494412860223486,0.8842857142857142,7293,3432,0.68,0.32,5.500676155090332,4.927595138549805,0.889894419306184,0.9083743842364532,0.8407294832826747,0.8732438831886346,0.09644522144522144
standard,10725,5.951565,0.8942657342657343,0.9221110874654181,0.8494412860223486,0.8842857142857142,7400,3325,0.6899766899766899,0.31002331002331,5.500676155090332,4.927595138549805,0.8885135135135135,0.9084438692979618,0.8382089552238806,0.871914299021891,0.09293233082706767
standard,10725,6.005591,0.8942657342657343,0.9221110874654181,0.8494412860223486,0.8842857142857142,7507,3218,0.6999533799533799,0.30004662004662,5.500676155090332,4.927595138549805,0.8878380178500067,0.9077608142493638,0.8379330593071052,0.8714503816793893,0.09073958980733375
standard,10725,6.092128,0.8942657342657343,0.9221110874654181,0.8494412860223486,0.8842857142857142,7615,3110,0.71002331002331,0.28997668997668996,5.500676155090332,4.927595138549805,0.8875902823374918,0.9076682316118936,0.8379081190407397,0.8713942307692307,0.08938906752411575
standard,10725,6.17135,0.8942657342657343,0.9221110874654181,0.8494412860223486,0.8842857142857142,7722,3003,0.72,0.28,5.500676155090332,4.927595138549805,0.8874643874643875,0.9080282989849278,0.838160136286201,0.8716964417540233,0.08824508824508824
standard,10725,6.27173,0.8942657342657343,0.9221110874654181,0.8494412860223486,0.8842857142857142,7829,2896,0.72997668997669,0.27002331002331004,5.500676155090332,4.927595138549805,0.8865755524332609,0.907850863898151,0.8368259290304554,0.8708927013666764,0.08494475138121547
standard,10725,6.368968,0.8942657342657343,0.9221110874654181,0.8494412860223486,0.8842857142857142,7936,2789,0.73995337995338,0.26004662004662005,5.500676155090332,4.927595138549805,0.8870967741935484,0.909036683566955,0.8375927452596867,0.8718535469107551,0.0853352456077447
standard,10725,6.456649,0.8942657342657343,0.9221110874654181,0.8494412860223486,0.8842857142857142,8043,2682,0.7499300699300699,0.25006993006993006,5.500676155090332,4.927595138549805,0.887106800944921,0.9089306698002351,0.8380281690140845,0.8720405862457723,0.0842654735272185
standard,10725,6.540107,0.8942657342657343,0.9221110874654181,0.8494412860223486,0.8842857142857142,8151,2574,0.76,0.24,5.500676155090332,4.927595138549805,0.8874984664458349,0.9095914227760069,0.8384081196581197,0.8725503822098679,0.0843045843045843
standard,10725,6.629691,0.8942657342657343,0.9221110874654181,0.8494412860223486,0.8842857142857142,8258,2467,0.76997668997669,0.23002331002331003,5.500676155090332,4.927595138549805,0.8876241220634536,0.9093242087254063,0.8394314293235062,0.8729811114152751,0.08350222942845562
standard,10725,6.728343,0.8942657342657343,0.9221110874654181,0.8494412860223486,0.8842857142857142,8365,2360,0.77995337995338,0.22004662004662004,5.500676155090332,4.927595138549805,0.8877465630603706,0.910061832490163,0.8395125745397978,0.8733648010788941,0.0826271186440678
standard,10725,6.838212,0.8942657342657343,0.9221110874654181,0.8494412860223486,0.8842857142857142,8472,2253,0.78993006993007,0.21006993006993008,5.500676155090332,4.927595138549805,0.8883380547686497,0.9108527131782945,0.8405723045477772,0.8743024182832846,0.08344429649356414
standard,10725,6.928348,0.8942657342657343,0.9221110874654181,0.8494412860223486,0.8842857142857142,8580,2145,0.8,0.2,5.500676155090332,4.927595138549805,0.889044289044289,0.9116684841875682,0.8418932527693856,0.875392670157068,0.08484848484848485
standard,10725,7.02497,0.8942657342657343,0.9221110874654181,0.8494412860223486,0.8842857142857142,8687,2038,0.8099766899766899,0.19002331002331002,5.500676155090332,4.927595138549805,0.890180729826177,0.9129967776584318,0.8436724565756824,0.8769667268506577,0.08832188420019627
standard,10725,7.121525,0.8942657342657343,0.9221110874654181,0.8494412860223486,0.8842857142857142,8794,1931,0.8199533799533799,0.18004662004662006,5.500676155090332,4.927595138549805,0.8899249488287468,0.9127906976744186,0.8440860215053764,0.8770949720670391,0.0859658208182289
standard,10725,7.233268,0.8942657342657343,0.9221110874654181,0.8494412860223486,0.8842857142857142,8901,1824,0.8299300699300699,0.17006993006993007,5.500676155090332,4.927595138549805,0.8902370520166274,0.9137122002085506,0.8443748494338713,0.8776762238637786,0.08607456140350878
standard,10725,7.36442,0.8942657342657343,0.9221110874654181,0.8494412860223486,0.8842857142857142,9009,1716,0.84,0.16,5.500676155090332,4.927595138549805,0.8902208902208902,0.9143589743589744,0.8448235015399195,0.878216968353651,0.0844988344988345
standard,10725,7.518779,0.8942657342657343,0.9221110874654181,0.8494412860223486,0.8842857142857142,9116,1609,0.84997668997669,0.15002331002331,5.500676155090332,4.927595138549805,0.8898639754278193,0.9143506821627084,0.8447712418300654,0.8781849065760737,0.08079552517091361
standard,10725,7.660285,0.8942657342657343,0.9221110874654181,0.8494412860223486,0.8842857142857142,9223,1502,0.85995337995338,0.14004662004662005,5.500676155090332,4.927595138549805,0.8902743142144638,0.915068493150685,0.8455696202531645,0.8789473684210526,0.08122503328894808
standard,10725,7.796065,0.8942657342657343,0.9221110874654181,0.8494412860223486,0.8842857142857142,9330,1395,0.8699300699300699,0.13006993006993006,5.500676155090332,4.927595138549805,0.8912111468381565,0.9161337924249877,0.8467833598545124,0.8800945067926758,0.08530465949820788
standard,10725,7.95074,0.8942657342657343,0.9221110874654181,0.8494412860223486,0.8842857142857142,9438,1287,0.88,0.12,5.500676155090332,4.927595138549805,0.8917143462598008,0.9165457184325109,0.848410210479176,0.8811627906976744,0.08702408702408702
standard,10725,8.175203,0.8942657342657343,0.9221110874654181,0.8494412860223486,0.8842857142857142,9545,1180,0.88997668997669,0.11002331002331002,5.500676155090332,4.927595138549805,0.8921948664222106,0.9174246050741982,0.8485720611025016,0.8816561242093157,0.08898305084745763
standard,10725,8.338002,0.8942657342657343,0.9221110874654181,0.8494412860223486,0.8842857142857142,9652,1073,0.89995337995338,0.10004662004662004,5.500676155090332,4.927595138549805,0.8929755491089929,0.9179086822805772,0.8497590889180903,0.8825201865119982,0.09412861136999068
standard,10725,8.604894,0.8942657342657343,0.9221110874654181,0.8494412860223486,0.8842857142857142,9759,966,0.90993006993007,0.09006993006993007,5.500676155090332,4.927595138549805,0.893534173583359,0.9184579439252336,0.8506816706340619,0.883271542523312,0.09834368530020704
standard,10725,8.871479,0.8942657342657343,0.9221110874654181,0.8494412860223486,0.8842857142857142,9867,858,0.92,0.08,5.500676155090332,4.927595138549805,0.8942941116854161,0.9196962724344224,0.852057130675762,0.8845855925639039,0.10606060606060606
standard,10725,9.242052,0.8942657342657343,0.9221110874654181,0.8494412860223486,0.8842857142857142,9974,751,0.92997668997669,0.07002331002331003,5.500676155090332,4.927595138549805,0.8949268097052336,0.9205554290917368,0.8526249209361164,0.8852889667250438,0.11451398135818908
standard,10725,9.581825,0.8942657342657343,0.9221110874654181,0.8494412860223486,0.8842857142857142,10081,644,0.9399533799533799,0.06004662004662005,5.500676155090332,4.927595138549805,0.8953476837615316,0.9210408254822791,0.8538157621127054,0.8861551742743067,0.12267080745341614
standard,10725,10.002947,0.8942657342657343,0.9221110874654181,0.8494412860223486,0.8842857142857142,10188,537,0.9499300699300699,0.05006993006993007,5.500676155090332,4.927595138549805,0.8951707891637221,0.9212685739631847,0.8535031847133758,0.8860921501706485,0.12290502793296089
standard,10725,10.361138,0.8942657342657343,0.9221110874654181,0.8494412860223486,0.8842857142857142,10296,429,0.96,0.04,5.500676155090332,4.927595138549805,0.8947163947163947,0.92148213498015,0.8516102731349368,0.8851694915254237,0.11655011655011654
standard,10725,11.284593,0.8942657342657343,0.9221110874654181,0.8494412860223486,0.8842857142857142,10403,322,0.96997668997669,0.030023310023310025,5.500676155090332,4.927595138549805,0.8935883879650101,0.9219330855018587,0.8489730165122835,0.8839500995911521,0.08385093167701864
standard,10725,13.229531,0.8942657342657343,0.9221110874654181,0.8494412860223486,0.8842857142857142,10510,215,0.9799533799533799,0.020046620046620046,5.500676155090332,4.927595138549805,0.8939105613701237,0.9222630101489959,0.8497811380819738,0.884539712125919,0.08837209302325581
standard,10725,15.37673,0.8942657342657343,0.9221110874654181,0.8494412860223486,0.8842857142857142,10617,108,0.9899300699300699,0.01006993006993007,5.500676155090332,4.927595138549805,0.8943204294998587,0.9225021349274125,0.8505905511811024,0.8850880786562884,0.1111111111111111
standard,10725,46.826202,0.8942657342657343,0.9221110874654181,0.8494412860223486,0.8842857142857142,10724,1,0.9999067599067599,9.324009324009324e-05,5.500676155090332,4.927595138549805,0.8942558746736292,0.9220945083014048,0.8494117647058823,0.8842620943049602,0.0
unseen,6874,2.245927,0.9029677043933663,0.890987408880053,0.8883382887347209,0.8896608767576509,344,6530,0.050043642711667155,0.9499563572883328,5.226926326751709,4.799696922302246,0.938953488372093,0.9483282674772037,0.9873417721518988,0.9674418604651163,0.0989280245022971
unseen,6874,2.372513,0.9029677043933663,0.890987408880053,0.8883382887347209,0.8896608767576509,413,6461,0.06008146639511202,0.939918533604888,5.226926326751709,4.799696922302246,0.937046004842615,0.9460154241645244,0.9865951742627346,0.9658792650918635,0.09921064850642315
unseen,6874,2.459024,0.9029677043933663,0.890987408880053,0.8883382887347209,0.8896608767576509,482,6392,0.07011929007855688,0.9298807099214431,5.226926326751709,4.799696922302246,0.9336099585062241,0.9461883408071748,0.9813953488372092,0.9634703196347032,0.09934292866082603
unseen,6874,2.546345,0.9029677043933663,0.890987408880053,0.8883382887347209,0.8896608767576509,550,6324,0.08001163805644457,0.9199883619435554,5.226926326751709,4.799696922302246,0.94,0.95,0.9834368530020704,0.9664292980671414,0.10025300442757748
unseen,6874,2.60404,0.9029677043933663,0.890987408880053,0.8883382887347209,0.8896608767576509,619,6255,0.09004946173988944,0.9099505382601105,5.226926326751709,4.799696922302246,0.938610662358643,0.9479553903345725,0.9807692307692307,0.9640831758034026,0.10055955235811351
unseen,6874,2.686762,0.9029677043933663,0.890987408880053,0.8883382887347209,0.8896608767576509,688,6186,0.10008728542333431,0.8999127145766657,5.226926326751709,4.799696922302246,0.9418604651162791,0.9513422818791947,0.9809688581314879,0.9659284497444633,0.10135790494665374
unseen,6874,2.751802,0.9029677043933663,0.890987408880053,0.8883382887347209,0.8896608767576509,757,6117,0.11012510910677917,0.8898748908932208,5.226926326751709,4.799696922302246,0.9445178335535006,0.9549689440993789,0.9792993630573248,0.9669811320754716,0.10217426843223802
unseen,6874,2.824582,0.9029677043933663,0.890987408880053,0.8883382887347209,0.8896608767576509,825,6049,0.12001745708466686,0.8799825429153332,5.226926326751709,4.799696922302246,0.943030303030303,0.9516129032258065,0.9788838612368024,0.9650557620817843,0.10249628037692181
unseen,6874,2.902432,0.9029677043933663,0.890987408880053,0.8883382887347209,0.8896608767576509,894,5980,0.13005528076811174,0.8699447192318883,5.226926326751709,4.799696922302246,0.9395973154362416,0.9482517482517483,0.9755395683453237,0.9617021276595744,0.10250836120401338
unseen,6874,2.9873,0.9029677043933663,0.890987408880053,0.8883382887347209,0.8896608767576509,963,5911,0.1400931044515566,0.8599068955484435,5.226926326751709,4.799696922302246,0.9387331256490135,0.948,0.9726402188782489,0.9601620526671168,0.10285907629842667
unseen,6874,3.067043,0.9029677043933663,0.890987408880053,0.8883382887347209,0.8896608767576509,1031,5843,0.14998545242944428,0.8500145475705557,5.226926326751709,4.799696922302246,0.9398642095053347,0.9477040816326531,0.9725130890052356,0.9599483204134367,0.10354270066746535
unseen,6874,3.13304,0.9029677043933663,0.890987408880053,0.8883382887347209,0.8896608767576509,1100,5774,0.16002327611288913,0.8399767238871109,5.226926326751709,4.799696922302246,0.9418181818181818,0.9474969474969475,0.973651191969887,0.9603960396039604,0.10443366816764808
unseen,6874,3.207883,0.9029677043933663,0.890987408880053,0.8883382887347209,0.8896608767576509,1169,5705,0.17006109979633402,0.829938900203666,5.226926326751709,4.799696922302246,0.9426860564585116,0.9485981308411215,0.9724550898203593,0.9603784742755765,0.10517090271691498
unseen,6874,3.274449,0.9029677043933663,0.890987408880053,0.8883382887347209,0.8896608767576509,1238,5636,0.18009892347977888,0.8199010765202212,5.226926326751709,4.799696922302246,0.9402261712439418,0.9464882943143813,0.9702857142857143,0.9582392776523702,0.10521646557842441
unseen,6874,3.338404,0.9029677043933663,0.890987408880053,0.8883382887347209,0.8896608767576509,1306,5568,0.18999127145766656,0.8100087285423334,5.226926326751709,4.799696922302246,0.9387442572741195,0.9439050701186623,0.9689922480620154,0.9562841530054644,0.10542385057471264
unseen,6874,3.410945,0.9029677043933663,0.890987408880053,0.8883382887347209,0.8896608767576509,1375,5499,0.20002909514111145,0.7999709048588886,5.226926326751709,4.799696922302246,0.9389090909090909,0.9427679500520292,0.9689839572192513,0.9556962025316456,0.10601927623204219
unseen,6874,3.475658,0.9029677043933663,0.890987408880053,0.8883382887347209,0.8896608767576509,1444,5430,0.2100669188245563,0.7899330811754437,5.226926326751709,4.799696922302246,0.9390581717451524,0.9432270916334662,0.9683026584867076,0.9556004036326943,0.10662983425414364
unseen,6874,3.53233,0.9029677043933663,0.890987408880053,0.8883382887347209,0.8896608767576509,1513,5361,0.22010474250800116,0.7798952574919988,5.226926326751709,4.799696922302246,0.9398545935228024,0.9431599229287091,0.9683481701285855,0.9555880917520742,0.10744264129826525
unseen,6874,3.588562,0.9029677043933663,0.890987408880053,0.8883382887347209,0.8896608767576509,1581,5293,0.22999709048588884,0.7700029095141111,5.226926326751709,4.799696922302246,0.9380139152435167,0.9410112359550562,0.9663461538461539,0.9535104364326376,0.10750047232193463
unseen,6874,3.65236,0.9029677043933663,0.890987408880053,0.8883382887347209,0.8896608767576509,1650,5224,0.24003491416933373,0.7599650858306662,5.226926326751709,4.799696922302246,0.9393939393939394,0.9416590701914311,0.9663236669784846,0.9538319482917821,0.1085375191424196
unseen,6874,3.707248,0.9029677043933663,0.890987408880053,0.8883382887347209,0.8896608767576509,1719,5155,0.25007273785277856,0.7499272621472214,5.226926326751709,4.799696922302246,0.9389179755671903,0.9397163120567376,0.9662716499544212,0.952808988764045,0.1090203685741998
unseen,6874,3.758154,0.9029677043933663,0.890987408880053,0.8883382887347209,0.8896608767576509,1787,5087,0.2599650858306663,0.7400349141693338,5.226926326751709,4.799696922302246,0.940123111359821,0.9396551724137931,0.9671694764862466,0.9532138172278094,0.11008452919205819
unseen,6874,3.790954,0.9029677043933663,0.890987408880053,0.8883382887347209,0.8896608767576509,1856,5018,0.27000290951411116,0.7299970904858889,5.226926326751709,4.799696922302246,0.9396551724137931,0.9384485666104553,0.9661458333333334,0.9520958083832335,0.11060183339976086
unseen,6874,3.82899,0.9029677043933663,0.890987408880053,0.8883382887347209,0.8896608767576509,1925,4949,0.280040733197556,0.719959266802444,5.226926326751709,4.799696922302246,0.9407792207792208,0.9389942291838417,0.9660729431721798,0.9523411371237458,0.11173974540311174
unseen,6874,3.876453,0.9029677043933663,0.890987408880053,0.8883382887347209,0.8896608767576509,1994,4880,0.29007855688100087,0.7099214431189991,5.226926326751709,4.799696922302246,0.9383149448345035,0.9362389023405973,0.9634551495016611,0.9496520671305771,0.11147540983606558
unseen,6874,3.93672,0.9029677043933663,0.890987408880053,0.8883382887347209,0.8896608767576509,2062,4812,0.29997090485888855,0.7000290951411114,5.226926326751709,4.799696922302246,0.9384093113482056,0.9345941686367218,0.9642276422764228,0.9491796718687475,0.11221945137157108
unseen,6874,3.992636,0.9029677043933663,0.890987408880053,0.8883382887347209,0.8896608767576509,2131,4743,0.3100087285423334,0.6899912714576666,5.226926326751709,4.799696922302246,0.9385265133740028,0.9343629343629344,0.9633757961783439,0.9486475891807135,0.11300864431794223
unseen,6874,4.041511,0.9029677043933663,0.890987408880053,0.8883382887347209,0.8896608767576509,2200,4674,0.32004655222577827,0.6799534477742217,5.226926326751709,4.799696922302246,0.9386363636363636,0.9358974358974359,0.9612703330751355,0.9484142147497134,0.11382113821138211
unseen,6874,4.092119,0.9029677043933663,0.890987408880053,0.8883382887347209,0.8896608767576509,2269,4605,0.3300843759092232,0.6699156240907769,5.226926326751709,4.799696922302246,0.9387395328338475,0.937037037037037,0.959059893858984,0.947920569501686,0.11465798045602606
unseen,6874,4.139663,0.9029677043933663,0.890987408880053,0.8883382887347209,0.8896608767576509,2337,4537,0.33997672388711087,0.6600232761128891,5.226926326751709,4.799696922302246,0.9388104407359863,0.935740072202166,0.96,0.9477148080438756,0.11549482036588053
unseen,6874,4.190146,0.9029677043933663,0.890987408880053,0.8883382887347209,0.8896608767576509,2406,4468,0.3500145475705557,0.6499854524294443,5.226926326751709,4.799696922302246,0.9368246051537822,0.9347054648687012,0.9564270152505446,0.9454414931801867,0.11526410026857654
unseen,6874,4.246703,0.9029677043933663,0.890987408880053,0.8883382887347209,0.8896608767576509,2475,4399,0.3600523712540006,0.6399476287459994,5.226926326751709,4.799696922302246,0.934949494949495,0.934119278779473,0.9532908704883227,0.9436077057793345,0.11502614230506933
unseen,6874,4.295582,0.9029677043933663,0.890987408880053,0.8883382887347209,0.8896608767576509,2544,4330,0.37009019493744544,0.6299098050625546,5.226926326751709,4.799696922302246,0.9343553459119497,0.9345156889495225,0.9507286606523248,0.9425524595803234,0.11547344110854503
unseen,6874,4.335947,0.9029677043933663,0.890987408880053,0.8883382887347209,0.8896608767576509,2612,4262,0.3799825429153331,0.6200174570846668,5.226926326751709,4.799696922302246,0.9341500765696784,0.933422103861518,0.9511533242876526,0.9422043010752689,0.11614265603003285
unseen,6874,4.371475,0.9029677043933663,0.890987408880053,0.8883382887347209,0.8896608767576509,2681,4193,0.390020366598778,0.609979633401222,5.226926326751709,4.799696922302246,0.9324878776575904,0.9333768778576094,0.9476127320954907,0.9404409345179335,0.11590746482232292
unseen,6874,4.419006,0.9029677043933663,0.890987408880053,0.8883382887347209,0.8896608767576509,2750,4124,0.4000581902822229,0.5999418097177771,5.226926326751709,4.799696922302246,0.9334545454545454,0.9336767546683837,0.9477124183006536,0.9406422315926046,0.11736178467507274
unseen,6874,4.456584,0.9029677043933663,0.890987408880053,0.8883382887347209,0.8896608767576509,2818,4056,0.4099505382601106,0.5900494617398895,5.226926326751709,4.799696922302246,0.932931156848829,0.9319771137952956,0.9470284237726099,0.9394424863825697,0.1178500986193294
unseen,6874,4.503605,0.9029677043933663,0.890987408880053,0.8883382887347209,0.8896608767576509,2887,3987,0.41998836194355543,0.5800116380564446,5.226926326751709,4.799696922302246,0.9317630758572913,0.9304511278195489,0.9452577975811585,0.937796021471424,0.11788312014045649
unseen,6874,4.543399,0.9029677043933663,0.890987408880053,0.8883382887347209,0.8896608767576509,2956,3918,0.4300261856270003,0.5699738143729997,5.226926326751709,4.799696922302246,0.9316644113667117,0.9302469135802469,0.9442355889724311,0.9371890547263682,0.11868300153139356
unseen,6874,4.583815,0.9029677043933663,0.890987408880053,0.8883382887347209,0.8896608767576509,3025,3849,0.44006400931044515,0.5599359906895548,5.226926326751709,4.799696922302246,0.9305785123966942,0.9300486618004866,0.9415024630541872,0.9357405140758874,0.11873213821771889
unseen,6874,4.622398,0.9029677043933663,0.890987408880053,0.8883382887347209,0.8896608767576509,3093,3781,0.44995635728833283,0.5500436427116672,5.226926326751709,4.799696922302246,0.9285483349498869,0.9285285285285285,0.9381067961165048,0.9332930878357983,0.11795821211319757
unseen,6874,4.66432,0.9029677043933663,0.890987408880053,0.8883382887347209,0.8896608767576509,3162,3712,0.4599941809717777,0.5400058190282223,5.226926326751709,4.799696922302246,0.9272612270714737,0.9295441089402013,0.9339678762641285,0.9317507418397626,0.11772629310344827
unseen,6874,4.699514,0.9029677043933663,0.890987408880053,0.8883382887347209,0.8896608767576509,3231,3643,0.4700320046552226,0.5299679953447775,5.226926326751709,4.799696922302246,0.9257195914577531,0.9286132241076653,0.930791788856305,0.929701230228471,0.11721108976118584
unseen,6874,4.731666,0.9029677043933663,0.890987408880053,0.8883382887347209,0.8896608767576509,3300,3574,0.48006982833866746,0.5199301716613326,5.226926326751709,4.799696922302246,0.9254545454545454,0.9290248124639354,0.9290248124639354,0.9290248124639354,0.11779518746502518
unseen,6874,4.762772,0.9029677043933663,0.890987408880053,0.8883382887347209,0.8896608767576509,3368,3506,0.48996217631655514,0.5100378236834449,5.226926326751709,4.799696922302246,0.9260688836104513,0.9291383219954649,0.9296653431650596,0.9294017578678764,0.11922418710781517
unseen,6874,4.799697,0.9029677043933663,0.890987408880053,0.8883382887347209,0.8896608767576509,3437,3437,0.5,0.5,5.226926326751709,4.799696922302246,0.926389292988071,0.9296875,0.9291689905186837,0.9294281729428173,0.12045388420133837
unseen,6874,4.833149,0.9029677043933663,0.890987408880053,0.8883382887347209,0.8896608767576509,3506,3368,0.5100378236834449,0.48996217631655514,5.226926326751709,4.799696922302246,0.9252709640616087,0.9293208172280508,0.9262520638414969,0.9277839029768468,0.12024940617577197
unseen,6874,4.861771,0.9029677043933663,0.890987408880053,0.8883382887347209,0.8896608767576509,3574,3300,0.5199301716613326,0.48006982833866746,5.226926326751709,4.799696922302246,0.925853385562395,0.9289617486338798,0.9264305177111717,0.927694406548431,0.12181818181818181
unseen,6874,4.885321,0.9029677043933663,0.890987408880053,0.8883382887347209,0.8896608767576509,3643,3231,0.5299679953447775,0.4700320046552226,5.226926326751709,4.799696922302246,0.9256107603623387,0.9272237196765498,0.9267241379310345,0.9269738614928591,0.12256267409470752
unseen,6874,4.908927,0.9029677043933663,0.890987408880053,0.8883382887347209,0.8896608767576509,3712,3162,0.5400058190282223,0.4599941809717777,5.226926326751709,4.799696922302246,0.9259159482758621,0.9267515923566879,0.9272437599575146,0.9269976108308999,0.12397216951296648
unseen,6874,4.936779,0.9029677043933663,0.890987408880053,0.8883382887347209,0.8896608767576509,3781,3093,0.5500436427116672,0.44995635728833283,5.226926326751709,4.799696922302246,0.926209997355197,0.9265242313705054,0.9279749478079332,0.9272490221642764,0.12544455221467832
unseen,6874,4.972467,0.9029677043933663,0.890987408880053,0.8883382887347209,0.8896608767576509,3849,3025,0.5599359906895548,0.44006400931044515,5.226926326751709,4.799696922302246,0.9259547934528449,0.9265159301130524,0.9269922879177378,0.9267540478026214,0.1262809917355372
unseen,6874,5.004516,0.9029677043933663,0.890987408880053,0.8883382887347209,0.8896608767576509,3918,2956,0.5699738143729997,0.4300261856270003,5.226926326751709,4.799696922302246,0.9252169474221542,0.9259259259259259,0.9254563894523327,0.9256910981486178,0.12652232746955344
unseen,6874,5.045043,0.9029677043933663,0.890987408880053,0.8883382887347209,0.8896608767576509,3987,2887,0.5800116380564446,0.41998836194355543,5.226926326751709,4.799696922302246,0.9255079006772009,0.9262048192771084,0.924812030075188,0.9255079006772009,0.12816072047107724
unseen,6874,5.079921,0.9029677043933663,0.890987408880053,0.8883382887347209,0.8896608767576509,4056,2818,0.5900494617398895,0.4099505382601106,5.226926326751709,4.799696922302246,0.9248027613412229,0.9241071428571429,0.9245657568238214,0.9243363929546018,0.12845990063875087
unseen,6874,5.126516,0.9029677043933663,0.890987408880053,0.8883382887347209,0.8896608767576509,4124,2750,0.5999418097177771,0.4000581902822229,5.226926326751709,4.799696922302246,0.9236178467507274,0.9222823413674373,0.922736220472441,0.922509225092251,0.128
unseen,6874,5.166238,0.9029677043933663,0.890987408880053,0.8883382887347209,0.8896608767576509,4193,2681,0.609979633401222,0.390020366598778,5.226926326751709,4.799696922302246,0.9229668495110899,0.9221032132424537,0.9207583859990277,0.9214303089272683,0.12831033196568445
unseen,6874,5.20512,0.9029677043933663,0.890987408880053,0.8883382887347209,0.8896608767576509,4262,2612,0.6200174570846668,0.3799825429153331,5.226926326751709,4.799696922302246,0.9225715626466447,0.9217769193626267,0.9191141068849302,0.920443587270974,0.12901990811638592
unseen,6874,5.252135,0.9029677043933663,0.890987408880053,0.8883382887347209,0.8896608767576509,4330,2544,0.6299098050625546,0.37009019493744544,5.226926326751709,4.799696922302246,0.9224018475750577,0.9202102245580507,0.9193317422434367,0.9197707736389685,0.13011006289308177
unseen,6874,5.295617,0.9029677043933663,0.890987408880053,0.8883382887347209,0.8896608767576509,4399,2475,0.6399476287459994,0.3600523712540006,5.226926326751709,4.799696922302246,0.9202091384405546,0.9183191690273843,0.916156382477626,0.9172365008252771,0.12767676767676767
unseen,6874,5.339962,0.9029677043933663,0.890987408880053,0.8883382887347209,0.8896608767576509,4468,2406,0.6499854524294443,0.3500145475705557,5.226926326751709,4.799696922302246,0.9192032229185317,0.9165111940298507,0.9152305542617606,0.9158704264740154,0.12718204488778054
unseen,6874,5.391417,0.9029677043933663,0.890987408880053,0.8883382887347209,0.8896608767576509,4537,2337,0.6600232761128891,0.33997672388711087,5.226926326751709,4.799696922302246,0.9182279039012563,0.9160903642231443,0.9131433823529411,0.914614499424626,0.12665810868635002
unseen,6874,5.438986,0.9029677043933663,0.890987408880053,0.8883382887347209,0.8896608767576509,4605,2269,0.6699156240907769,0.3300843759092232,5.226926326751709,4.799696922302246,0.9163952225841476,0.9152619589977221,0.9098731884057971,0.9125596184419714,0.12428382547377699
unseen,6874,5.504827,0.9029677043933663,0.890987408880053,0.8883382887347209,0.8896608767576509,4674,2200,0.6799534477742217,0.32004655222577827,5.226926326751709,4.799696922302246,0.9152759948652118,0.9140800719748088,0.9083594099240053,0.9112107623318386,0.12318181818181818
unseen,6874,5.564695,0.9029677043933663,0.890987408880053,0.8883382887347209,0.8896608767576509,4743,2131,0.6899912714576666,0.3100087285423334,5.226926326751709,4.799696922302246,0.9146110056925996,0.9124444444444444,0.9080053073861123,0.9102194635335845,0.12294697325199437
unseen,6874,5.631417,0.9029677043933663,0.890987408880053,0.8883382887347209,0.8896608767576509,4812,2062,0.7000290951411114,0.29997090485888855,5.226926326751709,4.799696922302246,0.9133416458852868,0.9119193689745837,0.9059643012625164,0.9089320812404456,0.12124151309408342
unseen,6874,5.695363,0.9029677043933663,0.890987408880053,0.8883382887347209,0.8896608767576509,4880,1994,0.7099214431189991,0.29007855688100087,5.226926326751709,4.799696922302246,0.9108606557377049,0.9113428943937418,0.9007731958762887,0.9060272197018795,0.11634904714142427
unseen,6874,5.76892,0.9029677043933663,0.890987408880053,0.8883382887347209,0.8896608767576509,4949,1925,0.719959266802444,0.280040733197556,5.226926326751709,4.799696922302246,0.909072539907052,0.9101899827288429,0.8970212765957447,0.9035576510930133,0.11272727272727273
unseen,6874,5.847473,0.9029677043933663,0.890987408880053,0.8883382887347209,0.8896608767576509,5018,1856,0.7299970904858889,0.27000290951411116,5.226926326751709,4.799696922302246,0.9073335990434436,0.9090909090909091,0.8942065491183879,0.9015873015873016,0.10883620689655173
unseen,6874,5.9072,0.9029677043933663,0.890987408880053,0.8883382887347209,0.8896608767576509,5087,1787,0.7400349141693338,0.2599650858306663,5.226926326751709,4.799696922302246,0.9060349911539217,0.9066328686100549,0.893050353724511,0.89979035639413,0.10576385002797986
unseen,6874,5.984233,0.9029677043933663,0.890987408880053,0.8883382887347209,0.8896608767576509,5155,1719,0.7499272621472214,0.25007273785277856,5.226926326751709,4.799696922302246,0.903976721629486,0.9046822742474916,0.8901686548745372,0.897366784159237,0.10005817335660268
unseen,6874,6.080328,0.9029677043933663,0.890987408880053,0.8883382887347209,0.8896608767576509,5224,1650,0.7599650858306662,0.24003491416933373,5.226926326751709,4.799696922302246,0.9008422664624809,0.9030654515327258,0.8847402597402597,0.8938089380893809,0.0903030303030303
unseen,6874,6.18145,0.9029677043933663,0.890987408880053,0.8883382887347209,0.8896608767576509,5293,1581,0.7700029095141111,0.22999709048588884,5.226926326751709,4.799696922302246,0.8998677498583034,0.9006947282386596,0.8847852268165396,0.892669096800324,0.0866540164452878
unseen,6874,6.250286,0.9029677043933663,0.890987408880053,0.8883382887347209,0.8896608767576509,5361,1513,0.7798952574919988,0.22010474250800116,5.226926326751709,4.799696922302246,0.8994590561462413,0.9003630496167809,0.884310618066561,0.8922646412152708,0.08460013218770654
unseen,6874,6.348075,0.9029677043933663,0.890987408880053,0.8883382887347209,0.8896608767576509,5430,1444,0.7899330811754437,0.2100669188245563,5.226926326751709,4.799696922302246,0.8976058931860037,0.8968127490039841,0.8834379905808477,0.8900751285092922,0.07686980609418283
unseen,6874,6.442692,0.9029677043933663,0.890987408880053,0.8883382887347209,0.8896608767576509,5499,1375,0.7999709048588886,0.20002909514111145,5.226926326751709,4.799696922302246,0.8972540461902164,0.895151754040205,0.8836575875486381,0.889367534756217,0.07418181818181818
unseen,6874,6.562484,0.9029677043933663,0.890987408880053,0.8883382887347209,0.8896608767576509,5568,1306,0.8100087285423334,0.18999127145766656,5.226926326751709,4.799696922302246,0.8961925287356322,0.8929544569871546,0.8833269156719291,0.8881145954316686,0.0681470137825421
unseen,6874,6.670992,0.9029677043933663,0.890987408880053,0.8883382887347209,0.8896608767576509,5636,1238,0.8199010765202212,0.18009892347977888,5.226926326751709,4.799696922302246,0.8969127040454223,0.893543428132206,0.8843666793457589,0.8889313706748232,0.06946688206785137
unseen,6874,6.776199,0.9029677043933663,0.890987408880053,0.8883382887347209,0.8896608767576509,5705,1169,0.829938900203666,0.17006109979633402,5.226926326751709,4.799696922302246,0.8978089395267309,0.8943181818181818,0.8859287054409005,0.8901036757775683,0.0718562874251497
unseen,6874,6.905706,0.9029677043933663,0.890987408880053,0.8883382887347209,0.8896608767576509,5774,1100,0.8399767238871109,0.16002327611288913,5.226926326751709,4.799696922302246,0.897644613785937,0.8932038834951457,0.8869113830181683,0.8900465116279069,0.06909090909090909
unseen,6874,7.047818,0.9029677043933663,0.890987408880053,0.8883382887347209,0.8896608767576509,5843,1031,0.8500145475705557,0.14998545242944428,5.226926326751709,4.799696922302246,0.8985110388499059,0.8940959409594096,0.8878710150238183,0.8909726052583196,0.07177497575169738
unseen,6874,7.258362,0.9029677043933663,0.890987408880053,0.8883382887347209,0.8896608767576509,5911,963,0.8599068955484435,0.1400931044515566,5.226926326751709,4.799696922302246,0.8983251564879039,0.8929093567251462,0.8880407124681934,0.8904683798068161,0.06853582554517133
unseen,6874,7.43443,0.9029677043933663,0.890987408880053,0.8883382887347209,0.8896608767576509,5980,894,0.8699447192318883,0.13005528076811174,5.226926326751709,4.799696922302246,0.8983277591973244,0.892999637286906,0.8872072072072072,0.8900939985538684,0.06599552572706935
unseen,6874,7.624344,0.9029677043933663,0.890987408880053,0.8883382887347209,0.8896608767576509,6049,825,0.8799825429153332,0.12001745708466686,5.226926326751709,4.799696922302246,0.8984956191105968,0.8926899531868924,0.8869409660107335,0.8898061737257718,0.06424242424242424
unseen,6874,7.830005,0.9029677043933663,0.890987408880053,0.8883382887347209,0.8896608767576509,6117,757,0.8898748908932208,0.11012510910677917,5.226926326751709,4.799696922302246,0.8983161680562367,0.8908765652951699,0.8870680441752761,0.8889682256337023,0.059445178335535004
unseen,6874,8.107323,0.9029677043933663,0.890987408880053,0.8883382887347209,0.8896608767576509,6186,688,0.8999127145766657,0.10008728542333431,5.226926326751709,4.799696922302246,0.8989654057549304,0.8915362731152204,0.8868058012026884,0.8891647455222558,0.061046511627906974
unseen,6874,8.338721,0.9029677043933663,0.890987408880053,0.8883382887347209,0.8896608767576509,6255,619,0.9099505382601105,0.09004946173988944,5.226926326751709,4.799696922302246,0.8994404476418865,0.8908127208480565,0.8873636043646603,0.8890848174925058,0.061389337641357025
unseen,6874,8.576443,0.9029677043933663,0.890987408880053,0.8883382887347209,0.8896608767576509,6324,550,0.9199883619435554,0.08001163805644457,5.226926326751709,4.799696922302246,0.9002213788741303,0.8910369068541301,0.8876050420168067,0.8893176635677951,0.06545454545454546
unseen,6874,8.967644,0.9029677043933663,0.890987408880053,0.8883382887347209,0.8896608767576509,6392,482,0.9298807099214431,0.07011929007855688,5.226926326751709,4.799696922302246,0.9005006257822278,0.8912967493883258,0.8869565217391304,0.8891213389121339,0.06431535269709543
unseen,6874,9.395478,0.9029677043933663,0.890987408880053,0.8883382887347209,0.8896608767576509,6461,413,0.939918533604888,0.06008146639511202,5.226926326751709,4.799696922302246,0.900944126296239,0.8914701803051318,0.8871635610766045,0.8893116568661363,0.06537530266343826
unseen,6874,10.206526,0.9029677043933663,0.890987408880053,0.8883382887347209,0.8896608767576509,6530,344,0.9499563572883328,0.050043642711667155,5.226926326751709,4.799696922302246,0.9009188361408882,0.8917153661051908,0.8865345181134655,0.8891173950299914,0.05813953488372093
unseen,6874,10.800017,0.9029677043933663,0.890987408880053,0.8883382887347209,0.8896608767576509,6599,275,0.9599941809717777,0.040005819028222284,5.226926326751709,4.799696922302246,0.901803303530838,0.8924804355222865,0.8876480541455161,0.8900576857821514,0.06909090909090909
unseen,6874,11.087519,0.9029677043933663,0.890987408880053,0.8883382887347209,0.8896608767576509,6667,207,0.9698865289496654,0.030113471050334593,5.226926326751709,4.799696922302246,0.9028048597570122,0.8926265715256541,0.8877999324095979,0.8902067095899695,0.09178743961352658
unseen,6874,11.687966,0.9029677043933663,0.890987408880053,0.8883382887347209,0.8896608767576509,6736,138,0.9799243526331103,0.02007564736688973,5.226926326751709,4.799696922302246,0.9035035629453682,0.8934811827956989,0.8887032085561497,0.8910857908847185,0.12318840579710146
unseen,6874,14.967133,0.9029677043933663,0.890987408880053,0.8883382887347209,0.8896608767576509,6805,69,0.9899621763165551,0.010037823683444864,5.226926326751709,4.799696922302246,0.9031594415870683,0.8927381745502998,0.8882996353994034,0.8905133743146703,0.11594202898550725
unseen,6874,49.956459,0.9029677043933663,0.890987408880053,0.8883382887347209,0.8896608767576509,6873,1,0.9998545242944429,0.00014547570555717196,5.226926326751709,4.799696922302246,0.9029535864978903,0.8909512761020881,0.8883013879709187,0.8896243587622042,0.0
